Report_Week,INITIAL_S_F,INITIAL_S_A,INITIAL_S_A_4-Week,Continued_Claims_N_S_A,Continued_Claims_S_F,Continued Claims_S_A,Covered_Employment
01/02/2010,"651,215",142.9,"456,000","475,250","6,014,881",123.5,3.7
01/09/2010,"825,891",176.2,"469,000","468,000","5,791,336",118.7,3.7
01/16/2010,"659,173",130.0,"507,000","475,000","5,602,811",116.5,3.7
01/23/2010,"507,651",107.7,"471,000","475,750","5,683,672",117.4,3.7
01/30/2010,"538,617",108.5,"496,000","485,750","5,683,482",118.5,3.7
02/06/2010,"512,463",110.0,"466,000","485,000","5,597,271",115.7,3.7
02/13/2010,"482,078",98.5,"489,000","480,500","5,546,388",115.2,3.7
02/20/2010,"458,160",91.6,"500,000","487,750","5,596,737",117.4,3.7
02/27/2010,"474,662",97.3,"488,000","485,750","5,544,103",116.6,3.7
03/06/2010,"462,679",98.0,"472,000","487,250","5,405,031",113.4,3.7
03/13/2010,"439,061",91.9,"478,000","484,500","5,357,581",112.8,3.7
03/20/2010,"413,067",87.6,"472,000","477,500","5,207,496",109.8,3.6
03/27/2010,"412,710",89.9,"459,000","470,250","5,055,002",108.3,3.6
04/03/2010,"421,130",87.9,"479,000","472,000","4,987,473",104.9,3.7
04/10/2010,"514,136",107.4,"479,000","472,250","4,931,238",103.9,3.7
04/17/2010,"436,814",93.2,"469,000","471,500","4,796,318",101.6,3.7
04/24/2010,"429,196",95.6,"449,000","469,000","4,671,227",99.6,3.7
05/01/2010,"399,350",88.6,"451,000","462,000","4,549,602",96.9,3.7
05/08/2010,"414,327",91.8,"451,000","455,000","4,471,786",95.0,3.7
05/15/2010,"414,572",87.4,"474,000","456,250","4,411,435",94.1,3.7
05/22/2010,"410,778",88.8,"463,000","459,750","4,380,562",92.6,3.7
05/29/2010,"418,873",91.5,"458,000","461,500","4,202,202",92.3,3.5
06/05/2010,"398,864",86.9,"459,000","463,500","4,319,021",93.4,3.6
06/12/2010,"448,305",96.0,"467,000","461,750","4,306,402",93.5,3.6
06/19/2010,"427,080",94.4,"452,000","459,000","4,328,074",93.7,3.6
06/26/2010,"444,712",95.9,"464,000","460,500","4,309,375",96.1,3.5
07/03/2010,"470,366",103.5,"454,000","459,250","4,384,591",94.9,3.6
07/10/2010,"515,991",117.5,"439,000","452,250","4,562,782",101.8,3.5
07/17/2010,"502,065",108.7,"462,000","454,750","4,554,316",100.2,3.6
07/24/2010,"413,679",89.0,"465,000","455,000","4,438,886",98.0,3.6
07/31/2010,"402,140",84.4,"476,000","460,500","4,333,445",97.0,3.5
08/07/2010,"425,471",88.1,"483,000","471,500","4,281,074",95.6,3.5
08/14/2010,"405,484",83.4,"486,000","477,500","4,219,639",95.2,3.5
08/21/2010,"384,955",83.0,"464,000","477,250","4,125,414",93.2,3.5
08/28/2010,"383,135",82.1,"467,000","475,000","4,138,965",91.8,3.6
09/04/2010,"381,863",84.4,"452,000","467,250","3,933,895",87.4,3.6
09/11/2010,"341,791",76.9,"444,000","456,750","3,930,908",87.6,3.5
09/18/2010,"382,341",83.3,"459,000","455,500","3,810,921",85.6,3.5
09/25/2010,"372,551",81.2,"459,000","453,500","3,779,910",85.3,3.5
10/02/2010,"373,681",83.8,"446,000","452,000","3,705,947",84.1,3.5
10/09/2010,"462,667",100.7,"459,000","455,750","3,715,967",84.4,3.5
10/16/2010,"394,016",88.8,"444,000","452,000","3,769,438",86.7,3.5
10/23/2010,"408,489",94.6,"432,000","445,250","3,759,365",86.8,3.4
10/30/2010,"421,097",92.9,"453,000","447,000","3,783,097",87.4,3.4
11/06/2010,"452,657",104.2,"434,000","440,750","3,735,938",87.5,3.4
11/13/2010,"409,548",94.7,"432,000","437,750","3,871,043",92.7,3.3
11/20/2010,"464,817",114.3,"407,000","431,500","3,665,787",86.9,3.4
11/27/2010,"412,922",95.6,"432,000","426,250","4,216,488",102.4,3.3
12/04/2010,"585,711",136.9,"428,000","424,750","4,062,531",98.2,3.3
12/11/2010,"491,776",115.6,"425,000","423,000","4,179,504",102.9,3.2
12/18/2010,"495,548",116.9,"424,000","427,250","4,116,684",100.1,3.3
12/25/2010,"525,710",130.1,"404,000","420,250","4,415,512",108.0,3.2
01/01/2011,"578,904",140.2,"413,000","416,500","4,790,155",122.9,3.1
01/08/2011,"773,499",178.3,"434,000","418,750","4,652,805",119.1,3.1
01/15/2011,"549,688",130.5,"421,000","418,000","4,614,149",116.1,3.2
01/22/2011,"485,950",109.0,"446,000","428,500","4,632,950",118.0,3.1
01/29/2011,"464,775",110.6,"420,000","430,250","4,605,543",118.5,3.1
02/05/2011,"440,706",109.6,"402,000","422,250","4,575,640",116.5,3.1
02/12/2011,"424,400",99.9,"425,000","423,250","4,587,740",119.5,3.1
02/19/2011,"380,985",96.7,"394,000","410,250","4,344,862",113.7,3.0
02/26/2011,"353,797",91.9,"385,000","401,500","4,460,146",117.1,3.0
03/05/2011,"407,299",98.3,"414,000","404,500","4,296,805",113.9,3.0
03/12/2011,"371,721",92.1,"404,000","399,250","4,277,092",113.4,3.0
03/19/2011,"354,457",87.1,"407,000","402,500","4,131,066",110.1,3.0
03/26/2011,"357,457",89.5,"399,000","406,000","4,085,667",108.5,3.0
04/02/2011,"353,817",89.6,"395,000","401,250","3,943,591",105.0,3.0
04/09/2011,"448,029",107.7,"416,000","404,250","3,893,218",103.8,3.0
04/16/2011,"381,834",94.9,"402,000","403,000","3,783,787",101.8,3.0
04/23/2011,"387,867",91.9,"422,000","408,750","3,769,810",99.3,3.0
04/30/2011,"415,974",88.9,"468,000","427,000","3,723,271",97.1,3.1
05/07/2011,"397,737",91.4,"435,000","431,750","3,586,266",94.7,3.0
05/14/2011,"361,573",87.4,"414,000","434,750","3,549,972",93.9,3.0
05/21/2011,"376,632",89.1,"423,000","435,000","3,510,507",92.4,3.0
05/28/2011,"381,497",91.3,"418,000","422,500","3,426,345",91.9,3.0
06/04/2011,"366,816",86.8,"423,000","419,500","3,491,359",93.1,3.0
06/11/2011,"400,608",97.0,"413,000","419,250","3,491,533",93.2,3.0
06/18/2011,"394,286",94.7,"416,000","417,500","3,511,416",93.6,3.0
06/25/2011,"406,633",96.7,"421,000","418,250","3,555,831",95.6,3.0
07/02/2011,"425,640",101.9,"418,000","417,000","3,534,925",94.7,3.0
07/09/2011,"473,963",116.1,"408,000","415,750","3,783,316",101.6,3.0
07/16/2011,"470,086",112.0,"420,000","416,750","3,752,532",100.5,3.0
07/23/2011,"369,207",89.9,"411,000","414,250","3,680,729",98.4,3.0
07/30/2011,"341,103",84.0,"406,000","411,250","3,580,433",97.4,2.9
08/06/2011,"354,408",87.5,"405,000","410,500","3,553,649",95.8,2.9
08/13/2011,"346,014",84.5,"409,000","407,750","3,557,586",95.7,3.0
08/20/2011,"344,870",83.2,"415,000","408,750","3,473,182",93.5,3.0
08/27/2011,"336,761",82.4,"409,000","409,500","3,436,188",92.3,3.0
09/03/2011,"348,582",84.2,"414,000","411,750","3,293,105",87.6,3.0
09/10/2011,"328,868",76.6,"429,000","416,750","3,306,720",88.0,3.0
09/17/2011,"353,820",83.8,"422,000","418,500","3,207,559",85.6,3.0
09/24/2011,"328,073",80.8,"406,000","417,750","3,165,909",85.4,2.9
10/01/2011,"332,394",82.1,"405,000","415,500","3,113,245",84.2,2.9
10/08/2011,"405,906",99.0,"410,000","410,750","3,133,644",84.0,3.0
10/15/2011,"357,562",90.5,"395,000","404,000","3,196,554",86.3,2.9
10/22/2011,"377,156",93.7,"403,000","403,250","3,199,527",86.5,2.9
10/29/2011,"369,647",92.7,"399,000","401,750","3,210,417",87.3,2.9
11/05/2011,"402,532",102.6,"392,000","397,250","3,177,477",88.2,2.9
11/12/2011,"363,016",94.7,"383,000","394,250","3,374,259",91.8,2.9
11/19/2011,"440,157",114.3,"385,000","389,750","3,167,053",84.7,3.0
11/26/2011,"372,640",93.8,"397,000","389,250","3,696,154",102.9,2.8
12/03/2011,"528,793",136.6,"387,000","388,000","3,540,663",98.5,2.8
12/10/2011,"435,863",118.6,"368,000","384,250","3,628,343",102.4,2.8
12/17/2011,"421,103",114.3,"368,000","380,000","3,613,414",100.7,2.8
12/24/2011,"497,689",128.8,"386,000","377,250","3,779,025",105.7,2.8
12/31/2011,"540,057",143.5,"376,000","374,500","4,161,063",116.7,2.8
01/07/2012,"646,219",165.1,"391,000","398,750","4,109,127",120.1,2.7
01/14/2012,"525,422",143.2,"367,000","384,500","4,069,651",115.9,2.8
01/21/2012,"416,880",109.4,"381,000","378,750","4,058,236",118.7,2.7
01/28/2012,"422,287",113.6,"372,000","377,750","4,097,013",118.6,2.7
02/04/2012,"401,365",109.1,"368,000","372,000","3,984,889",117.5,2.7
02/11/2012,"365,014",101.2,"361,000","370,500","4,010,489",119.3,2.7
02/18/2012,"346,659",96.6,"359,000","365,000","3,882,527",114.8,2.7
02/25/2012,"334,242",91.5,"365,000","363,250","3,988,890",117.6,2.7
03/03/2012,"368,433",98.2,"375,000","365,000","3,862,329",114.7,2.7
03/10/2012,"340,102",92.1,"369,000","367,000","3,815,580",113.8,2.6
03/17/2012,"319,498",86.9,"368,000","369,250","3,699,473",110.7,2.6
03/24/2012,"323,373",89.1,"363,000","368,750","3,636,712",109.0,2.6
03/31/2012,"315,800",88.3,"358,000","364,500","3,470,104",105.6,2.6
04/07/2012,"390,064",100.7,"387,000","369,000","3,448,040",103.7,2.6
04/14/2012,"370,482",97.3,"381,000","372,250","3,425,138",102.1,2.6
04/21/2012,"370,632",95.8,"387,000","378,250","3,292,783",99.3,2.6
04/28/2012,"333,476",89.6,"372,000","381,750","3,210,670",97.4,2.6
05/05/2012,"341,080",91.4,"373,000","378,250","3,150,177",94.7,2.6
05/12/2012,"325,094",88.2,"369,000","375,250","3,124,324",93.7,2.6
05/19/2012,"330,427",89.1,"371,000","371,250","3,060,148",92.7,2.6
05/26/2012,"346,260",90.9,"381,000","373,500","3,062,538",91.4,2.6
06/02/2012,"324,385",86.0,"377,000","374,500","3,091,216",92.9,2.6
06/09/2012,"376,610",98.4,"383,000","378,000","3,101,927",92.8,2.6
06/16/2012,"364,548",94.9,"384,000","381,250","3,113,846",93.7,2.6
06/23/2012,"370,521",97.4,"380,000","381,000","3,145,031",94.6,2.6
06/30/2012,"369,826",99.5,"372,000","379,750","3,112,199",94.2,2.6
07/07/2012,"442,192",123.0,"360,000","374,000","3,360,067",101.4,2.6
07/14/2012,"455,260",116.6,"390,000","375,500","3,336,728",100.9,2.6
07/21/2012,"340,780",92.6,"368,000","372,500","3,246,888",98.7,2.6
07/28/2012,"312,931",84.1,"372,000","372,500","3,242,883",97.9,2.6
08/04/2012,"320,219",86.2,"371,000","375,250","3,180,011",96.3,2.6
08/11/2012,"317,680",86.0,"369,000","370,000","3,167,174",96.1,2.6
08/18/2012,"311,857",82.9,"376,000","372,000","3,117,558",94.3,2.6
08/25/2012,"312,542",83.0,"377,000","373,250","3,085,324",92.9,2.6
09/01/2012,"309,537",83.4,"371,000","373,250","2,930,825",88.1,2.6
09/08/2012,"299,729",76.2,"393,000","379,250","2,927,923",88.4,2.6
09/15/2012,"330,454",84.3,"392,000","383,250","2,841,521",85.7,2.6
09/22/2012,"303,685",80.5,"377,000","383,250","2,822,093",85.3,2.6
09/29/2012,"301,046",80.0,"376,000","384,500","2,786,146",84.2,2.6
10/06/2012,"329,925",94.2,"350,000","373,750","2,754,663",83.6,2.6
10/13/2012,"362,730",94.0,"386,000","372,250","2,816,677",85.3,2.6
10/20/2012,"345,227",92.3,"374,000","371,500","2,838,463",86.4,2.6
10/27/2012,"339,924",93.5,"364,000","368,500","2,784,503",86.4,2.5
11/03/2012,"361,823",99.0,"365,000","372,250","2,964,164",88.0,2.6
11/10/2012,"478,551",107.4,"446,000","387,250","2,946,437",87.6,2.6
11/17/2012,"403,636",99.3,"406,000","395,250","2,836,478",85.3,2.6
11/24/2012,"358,865",92.4,"388,000","401,250","3,316,536",102.1,2.5
12/01/2012,"500,163",133.3,"375,000","403,750","3,175,601",99.4,2.5
12/08/2012,"429,191",126.4,"340,000","377,250","3,245,480",100.5,2.5
12/15/2012,"401,431",112.7,"356,000","364,750","3,255,119",102.4,2.5
12/22/2012,"457,584",126.3,"362,000","358,250","3,285,394",102.0,2.5
12/29/2012,"490,126",135.5,"362,000","355,000","3,730,872",119.3,2.4
01/05/2013,"557,424",153.4,"363,000","369,750","3,868,120",122.9,2.4
01/12/2013,"558,047",162.4,"344,000","363,750","3,707,375",119.3,2.4
01/19/2013,"437,360",129.1,"339,000","352,000","3,671,018",117.0,2.4
01/26/2013,"369,567",100.9,"366,000","353,000","3,736,830",119.1,2.4
02/02/2013,"388,708",107.8,"361,000","352,500","3,661,840",119.1,2.4
02/09/2013,"361,759",104.2,"347,000","353,250","3,663,619",118.9,2.4
02/16/2013,"351,087",96.9,"362,000","359,000","3,531,404",116.3,2.4
02/23/2013,"310,512",90.9,"342,000","353,000","3,606,019",118.5,2.4
03/02/2013,"335,794",98.8,"340,000","347,750","3,495,559",116.1,2.3
03/09/2013,"317,661",92.7,"343,000","346,750","3,453,312",114.2,2.4
03/16/2013,"301,471",88.0,"343,000","342,000","3,394,036",112.1,2.4
03/23/2013,"316,133",88.2,"358,000","346,000","3,344,342",109.8,2.4
03/30/2013,"317,494",84.6,"375,000","354,750","3,286,211",106.7,2.4
04/06/2013,"356,935",99.5,"359,000","358,750","3,195,675",103.9,2.4
04/13/2013,"359,415",101.1,"356,000","362,000","3,096,325",102.4,2.3
04/20/2013,"326,264",95.2,"343,000","358,250","3,020,992",99.8,2.3
04/27/2013,"301,622",91.2,"331,000","347,250","2,963,249",97.5,2.4
05/04/2013,"301,602",89.9,"335,000","341,250","2,883,832",94.8,2.4
05/11/2013,"320,253",89.0,"360,000","342,250","2,769,495",93.1,2.3
05/18/2013,"303,357",88.4,"343,000","342,250","2,799,681",92.7,2.3
05/25/2013,"319,508",90.4,"353,000","347,750","2,734,582",90.8,2.3
06/01/2013,"294,608",85.1,"346,000","350,500","2,771,143",92.4,2.3
06/08/2013,"332,964",98.7,"337,000","344,750","2,772,541",92.3,2.3
06/15/2013,"336,970",95.4,"353,000","347,250","2,801,508",93.5,2.3
06/22/2013,"336,901",97.1,"347,000","345,750","2,778,190",93.8,2.3
06/29/2013,"335,424",98.6,"340,000","344,250","2,807,991",93.5,2.3
07/06/2013,"383,811",109.3,"351,000","347,750","3,146,960",101.1,2.4
07/13/2013,"410,974",119.4,"344,000","345,500","3,047,517",101.2,2.3
07/20/2013,"340,457",95.8,"355,000","347,500","2,920,771",99.1,2.3
07/27/2013,"281,692",84.3,"334,000","346,000","2,952,831",98.1,2.3
08/03/2013,"288,861",85.1,"339,000","343,000","2,853,207",96.9,2.3
08/10/2013,"282,756",86.6,"327,000","338,750","2,873,345",96.2,2.3
08/17/2013,"281,164",82.7,"340,000","335,000","2,819,994",95.0,2.3
08/24/2013,"279,803",83.2,"336,000","335,500","2,737,229",93.3,2.3
08/31/2013,"269,359",83.0,"325,000","332,000","2,512,460",88.5,2.2
09/07/2013,"229,648",76.5,"300,000","325,250","2,499,855",88.6,2.2
09/14/2013,"272,946",84.5,"323,000","321,000","2,456,548",85.8,2.2
09/21/2013,"255,087",81.3,"314,000","315,500","2,513,759",85.1,2.3
09/28/2013,"252,196",79.1,"319,000","314,000","2,476,262",84.1,2.3
10/05/2013,"335,937",91.2,"368,000","331,000","2,437,325",83.2,2.2
10/12/2013,"360,957",98.2,"368,000","342,250","2,465,939",84.3,2.2
10/19/2013,"312,037",88.8,"351,000","351,500","2,525,254",86.1,2.2
10/26/2013,"325,326",93.7,"347,000","358,500","2,511,754",85.8,2.2
11/02/2013,"331,867",97.0,"342,000","352,000","2,510,618",87.4,2.2
11/09/2013,"364,167",107.2,"340,000","345,000","2,556,519",87.4,2.2
11/16/2013,"327,053",98.7,"331,000","340,000","2,689,171",94.8,2.2
11/23/2013,"369,197",116.9,"316,000","332,250","2,506,700",89.1,2.2
11/30/2013,"321,896",103.1,"312,000","324,750","2,970,677",105.8,2.2
12/07/2013,"463,413",130.9,"354,000","328,250","2,880,807",99.6,2.2
12/14/2013,"414,613",113.8,"364,000","336,500","3,004,483",103.5,2.2
12/21/2013,"418,272",125.2,"334,000","341,000","2,854,624",100.8,2.2
12/28/2013,"452,664",136.2,"332,000","346,000","3,298,387",117.5,2.2
01/04/2014,"488,537",151.6,"322,000","338,000","3,611,093",124.4,2.2
01/11/2014,"534,966",168.4,"318,000","326,500","3,487,905",120.0,2.2
01/18/2014,"416,116",127.2,"327,000","324,750","3,373,217",118.5,2.2
01/25/2014,"357,806",105.1,"340,000","326,750","3,422,557",120.1,2.2
02/01/2014,"357,742",108.2,"331,000","329,000","3,440,027",120.6,2.2
02/08/2014,"360,338",107.0,"337,000","333,750","3,411,217",119.3,2.2
02/15/2014,"322,761",97.3,"332,000","335,000","3,367,239",117.7,2.2
02/22/2014,"312,665",91.7,"341,000","335,250","3,375,731",119.6,2.2
03/01/2014,"317,832",99.6,"319,000","332,250","3,277,983",117.6,2.1
03/08/2014,"302,311",93.8,"322,000","328,500","3,233,107",114.8,2.2
03/15/2014,"285,970",89.2,"321,000","325,750","3,132,104",113.3,2.1
03/22/2014,"274,072",87.5,"313,000","318,750","3,090,665",110.4,2.1
03/29/2014,"294,862",89.3,"330,000","321,500","2,942,180",107.8,2.1
04/05/2014,"299,162",96.3,"311,000","318,750","2,853,279",104.5,2.1
04/12/2014,"318,793",103.5,"308,000","315,500","2,757,378",102.9,2.0
04/19/2014,"299,182",91.4,"327,000","319,000","2,766,506",100.0,2.1
04/26/2014,"318,127",92.3,"345,000","322,750","2,641,583",97.6,2.1
05/03/2014,"288,748",88.9,"325,000","326,250","2,559,236",94.7,2.1
05/10/2014,"270,738",89.5,"303,000","325,000","2,494,495",92.7,2.0
05/17/2014,"287,398",88.8,"324,000","324,250","2,455,022",92.4,2.0
05/24/2014,"275,412",90.3,"305,000","314,250","2,394,378",90.5,2.0
05/31/2014,"264,133",84.7,"312,000","311,000","2,424,134",91.8,2.0
06/07/2014,"313,371",99.0,"317,000","314,500","2,387,182",91.9,2.0
06/14/2014,"301,195",95.9,"314,000","312,000","2,413,778",93.0,2.0
06/21/2014,"305,029",96.9,"315,000","314,500","2,412,611",93.4,2.0
06/28/2014,"305,791",99.2,"308,000","313,500","2,395,821",92.9,2.0
07/05/2014,"322,753",106.7,"302,000","309,750","2,558,065",100.7,1.9
07/12/2014,"370,559",120.3,"308,000","308,250","2,563,164",101.4,1.9
07/19/2014,"287,049",97.6,"294,000","303,000","2,524,006",99.3,1.9
07/26/2014,"257,625",84.9,"303,000","301,750","2,481,360",98.3,1.9
08/02/2014,"247,877",83.9,"295,000","300,000","2,462,156",97.3,1.9
08/09/2014,"269,468",87.1,"309,000","300,250","2,412,394",96.2,1.9
08/16/2014,"249,463",82.3,"303,000","302,500","2,403,823",95.5,1.9
08/23/2014,"249,006",83.1,"300,000","301,750","2,319,238",93.4,1.9
08/30/2014,"249,780",82.5,"303,000","303,750","2,212,896",89.0,1.9
09/06/2014,"234,755",76.5,"307,000","303,250","2,167,651",88.4,1.9
09/13/2014,"242,318",84.0,"288,000","299,500","2,115,326",85.8,1.9
09/20/2014,"239,780",81.4,"295,000","298,250","2,070,228",84.6,1.9
09/27/2014,"227,571",78.6,"290,000","295,000","2,031,751",83.7,1.8
10/04/2014,"257,545",87.9,"293,000","291,500","2,018,858",82.7,1.8
10/11/2014,"273,756",97.5,"281,000","289,750","2,006,710",83.3,1.8
10/18/2014,"256,166",88.3,"290,000","288,500","2,081,161",85.4,1.8
10/25/2014,"271,331",93.3,"291,000","288,750","2,045,437",85.0,1.8
11/01/2014,"266,921",95.3,"280,000","285,500","2,116,640",86.9,1.8
11/08/2014,"309,338",106.4,"291,000","288,000","2,067,337",86.7,1.8
11/15/2014,"286,115",97.6,"293,000","288,750","2,193,628",93.3,1.8
11/22/2014,"357,202",117.7,"303,000","291,750","2,102,005",88.0,1.8
11/29/2014,"294,389",101.1,"291,000","294,500","2,515,910",101.3,1.9
12/06/2014,"389,284",133.6,"291,000","294,500","2,354,533",98.9,1.8
12/13/2014,"327,827",114.5,"286,000","292,750","2,478,752",104.2,1.8
12/20/2014,"340,827",123.5,"276,000","286,000","2,352,296",100.6,1.8
12/27/2014,"389,757",136.6,"285,000","284,500","2,795,271",115.4,1.8
01/03/2015,"439,342",149.6,"294,000","285,250","2,990,368",125.6,1.8
01/10/2015,"529,685",174.1,"304,000","289,750","2,911,674",121.3,1.8
01/17/2015,"383,538",128.7,"298,000","295,250","2,784,735",119.2,1.8
01/24/2015,"281,885",108.2,"261,000","289,250","2,827,617",121.1,1.8
01/31/2015,"306,643",109.0,"281,000","286,000","2,795,975",121.7,1.7
02/07/2015,"324,158",108.8,"298,000","284,500","2,809,938",119.9,1.8
02/14/2015,"277,904",97.4,"285,000","281,250","2,752,771",118.7,1.7
02/21/2015,"280,639",91.9,"305,000","292,250","2,835,373",121.1,1.8
02/28/2015,"315,566",99.7,"317,000","301,250","2,804,577",119.0,1.8
03/07/2015,"277,925",95.0,"293,000","300,000","2,729,749",115.6,1.8
03/14/2015,"260,242",89.8,"290,000","301,250","2,705,148",114.6,1.8
03/21/2015,"248,032",87.2,"284,000","296,000","2,564,097",111.2,1.7
03/28/2015,"239,748",89.1,"269,000","284,000","2,476,255",108.7,1.7
04/04/2015,"253,533",89.8,"282,000","281,250","2,381,913",104.8,1.7
04/11/2015,"308,173",103.3,"298,000","283,250","2,389,911",103.0,1.7
04/18/2015,"279,797",95.0,"295,000","286,000","2,281,070",100.1,1.7
04/25/2015,"250,780",93.2,"269,000","286,000","2,199,763",97.6,1.7
05/02/2015,"236,421",88.5,"267,000","282,250","2,138,615",94.6,1.7
05/09/2015,"242,882",89.7,"271,000","275,500","2,079,285",92.3,1.7
05/16/2015,"243,612",88.4,"276,000","270,750","2,079,191",92.1,1.7
05/23/2015,"253,454",90.2,"281,000","273,750","2,018,773",90.3,1.7
05/30/2015,"230,676",84.0,"275,000","275,750","2,096,986",91.4,1.7
06/06/2015,"275,619",99.1,"278,000","277,500","2,056,174",91.4,1.7
06/13/2015,"258,764",96.2,"269,000","275,750","2,102,652",92.7,1.7
06/20/2015,"263,199",96.3,"273,000","273,750","2,106,077",93.0,1.7
06/27/2015,"274,646",99.7,"275,000","273,750","2,138,353",92.5,1.7
07/04/2015,"303,585",104.1,"292,000","277,250","2,235,705",100.1,1.7
07/11/2015,"344,471",120.8,"285,000","281,250","2,255,273",101.3,1.7
07/18/2015,"262,949",99.3,"265,000","279,250","2,258,311",99.6,1.7
07/25/2015,"230,314",85.7,"269,000","277,750","2,214,919",98.3,1.7
08/01/2015,"224,104",82.9,"270,000","272,250","2,209,980",97.9,1.7
08/08/2015,"239,326",87.4,"274,000","269,500","2,161,191",96.2,1.7
08/15/2015,"229,251",82.3,"279,000","273,000","2,163,709",95.9,1.7
08/22/2015,"226,649",82.7,"274,000","274,250","2,108,101",93.6,1.7
08/29/2015,"230,079",82.4,"279,000","276,500","2,061,930",91.3,1.7
09/05/2015,"232,507",85.3,"273,000","276,250","1,942,822",86.6,1.7
09/12/2015,"198,903",75.2,"264,000","272,500","1,938,894",86.0,1.7
09/19/2015,"219,342",81.6,"269,000","271,250","1,876,960",84.0,1.7
09/26/2015,"215,116",79.0,"272,000","269,500","1,870,678",83.5,1.7
10/03/2015,"227,176",85.0,"267,000","268,000","1,816,410",82.3,1.6
10/10/2015,"256,522",96.7,"265,000","268,250","1,826,779",82.5,1.6
10/17/2015,"232,860",88.1,"264,000","267,000","1,860,474",84.8,1.6
10/24/2015,"245,365",93.0,"264,000","265,000","1,874,526",84.5,1.6
10/31/2015,"258,440",94.1,"275,000","267,000","1,900,517",86.2,1.6
11/07/2015,"291,098",105.6,"276,000","269,750","1,905,959",86.3,1.6
11/14/2015,"264,816",97.3,"272,000","271,750","2,006,025",91.8,1.6
11/21/2015,"305,424",117.2,"261,000","271,000","1,891,197",86.7,1.6
11/28/2015,"262,628",99.2,"265,000","268,500","2,299,417",101.8,1.7
12/05/2015,"384,491",137.4,"280,000","269,500","2,206,522",98.4,1.7
12/12/2015,"313,276",116.7,"268,000","268,500","2,286,725",104.4,1.6
12/19/2015,"319,641",122.9,"260,000","268,250","2,191,682",100.7,1.6
12/26/2015,"346,542",125.7,"276,000","271,000","2,502,457",113.4,1.6
01/02/2016,"405,368",148.4,"273,000","269,250","2,803,326",126.4,1.6
01/09/2016,"502,904",177.3,"284,000","273,250","2,680,476",122.4,1.6
01/16/2016,"378,747",130.8,"290,000","280,750","2,656,738",119.6,1.6
01/23/2016,"295,936",110.2,"269,000","279,000","2,688,858",122.3,1.6
01/30/2016,"311,940",110.9,"281,000","281,000","2,680,598",122.1,1.6
02/06/2016,"290,796",109.6,"265,000","276,250","2,657,981",120.8,1.6
02/13/2016,"258,380",98.3,"263,000","269,500","2,612,427",118.6,1.6
02/20/2016,"248,870",91.5,"272,000","270,250","2,670,398",122.6,1.6
02/27/2016,"265,802",98.8,"269,000","267,250","2,600,820",119.8,1.6
03/05/2016,"247,628",96.5,"257,000","265,250","2,548,304",116.6,1.6
03/12/2016,"236,888",90.2,"263,000","265,250","2,492,144",115.2,1.6
03/19/2016,"230,882",87.3,"264,000","263,250","2,409,099",112.2,1.6
03/26/2016,"235,716",86.3,"273,000","264,250","2,375,518",109.5,1.6
04/02/2016,"245,035",90.1,"272,000","268,000","2,280,430",105.7,1.6
04/09/2016,"270,419",102.9,"263,000","268,000","2,211,972",103.1,1.6
04/16/2016,"242,400",95.0,"255,000","265,750","2,154,608",100.7,1.6
04/23/2016,"245,040",94.5,"259,000","262,250","2,094,406",97.6,1.6
04/30/2016,"243,392",87.8,"277,000","263,500","2,080,555",95.1,1.6
05/07/2016,"261,899",90.4,"290,000","270,250","2,014,816",92.0,1.6
05/14/2016,"244,869",87.9,"279,000","276,250","2,009,243",92.0,1.6
05/21/2016,"240,798",90.0,"268,000","278,500","1,975,916",90.2,1.6
05/28/2016,"246,740",93.4,"264,000","275,250","1,939,391",90.7,1.6
06/04/2016,"232,300",87.7,"265,000","269,000","1,982,999",91.3,1.6
06/11/2016,"266,277",97.5,"273,000","267,500","1,994,248",92.1,1.6
06/18/2016,"247,968",95.0,"261,000","265,750","2,009,079",92.7,1.6
06/25/2016,"263,662",100.5,"262,000","265,250","2,044,616",95.9,1.6
07/02/2016,"267,437",104.5,"256,000","263,000","2,037,038",95.0,1.6
07/09/2016,"298,673",116.2,"257,000","259,000","2,161,272",101.3,1.6
07/16/2016,"268,526",103.2,"260,000","258,750","2,143,920",100.0,1.6
07/23/2016,"231,925",87.7,"264,000","259,250","2,104,590",98.5,1.6
07/30/2016,"219,202",82.3,"266,000","261,750","2,110,850",98.3,1.6
08/06/2016,"231,542",87.1,"266,000","264,000","2,083,250",96.5,1.6
08/13/2016,"219,570",83.0,"265,000","265,250","2,061,744",96.3,1.6
08/20/2016,"217,011",82.0,"265,000","265,500","2,021,172",93.9,1.6
08/27/2016,"215,688",82.3,"262,000","264,500","1,972,966",92.2,1.6
09/03/2016,"217,715",84.7,"257,000","262,250","1,867,279",86.7,1.6
09/10/2016,"193,291",76.3,"253,000","259,250","1,835,919",86.9,1.5
09/17/2016,"205,649",81.7,"252,000","256,000","1,756,097",83.6,1.5
09/24/2016,"198,455",80.2,"247,000","252,250","1,744,083",83.6,1.5
10/01/2016,"200,456",81.5,"246,000","249,500","1,709,974",82.1,1.5
10/08/2016,"238,581",95.2,"251,000","249,000","1,706,702",81.8,1.5
10/15/2016,"233,633",88.6,"264,000","252,000","1,739,879",84.0,1.5
10/22/2016,"237,314",92.2,"257,000","254,500","1,741,961",84.1,1.5
10/29/2016,"245,751",92.7,"265,000","259,250","1,763,155",85.4,1.5
11/05/2016,"258,608",103.0,"251,000","259,250","1,740,791",85.9,1.5
11/12/2016,"223,770",96.4,"232,000","251,250","1,857,234",90.3,1.5
11/19/2016,"287,794",116.1,"248,000","249,000","1,746,231",84.3,1.5
11/26/2016,"249,774",96.2,"260,000","247,750","2,070,694",101.6,1.5
12/03/2016,"351,580",139.4,"252,000","248,000","1,996,669",98.4,1.5
12/10/2016,"305,268",121.4,"251,000","252,750","2,097,013",103.2,1.5
12/17/2016,"315,068",120.2,"262,000","256,250","2,117,870",102.1,1.5
12/24/2016,"343,213",135.1,"254,000","254,750","2,253,543",108.0,1.5
12/31/2016,"350,561",148.6,"236,000","250,750","2,467,654",119.8,1.5
01/07/2017,"414,742",170.3,"244,000","249,000","2,518,545",124.5,1.5
01/14/2017,"352,799",143.7,"246,000","245,000","2,464,292",119.5,1.5
01/21/2017,"284,030",110.9,"256,000","245,500","2,494,547",123.2,1.5
01/28/2017,"280,983",116.6,"241,000","246,750","2,482,809",122.0,1.5
02/04/2017,"259,713",110.1,"236,000","244,750","2,464,850",122.5,1.4
02/11/2017,"245,886",101.4,"242,000","243,750","2,489,682",122.5,1.5
02/18/2017,"239,322",96.8,"247,000","241,500","2,392,472",119.9,1.4
02/25/2017,"212,829",91.7,"232,000","239,250","2,447,592",120.4,1.5
03/04/2017,"243,959",99.1,"246,000","241,750","2,349,381",118.3,1.4
03/11/2017,"222,227",91.1,"244,000","242,250","2,281,836",115.4,1.4
03/18/2017,"224,693",88.2,"255,000","244,250","2,283,882",113.9,1.4
03/25/2017,"228,269",89.2,"256,000","250,250","2,221,962",110.1,1.5
04/01/2017,"208,347",88.2,"236,000","247,750","2,136,831",107.3,1.4
04/08/2017,"239,823",101.0,"237,000","246,000","2,042,394",103.3,1.4
04/15/2017,"225,864",92.6,"244,000","243,250","2,012,236",101.7,1.4
04/22/2017,"241,611",96.1,"251,000","242,000","1,948,731",97.7,1.4
04/29/2017,"210,955",87.5,"241,000","243,250","1,852,170",96.0,1.4
05/06/2017,"215,040",90.7,"237,000","243,250","1,781,847",91.7,1.4
05/13/2017,"206,905",87.3,"237,000","241,500","1,783,911",91.9,1.4
05/20/2017,"210,544",90.0,"234,000","237,250","1,759,705",90.2,1.4
05/27/2017,"232,138",92.4,"251,000","239,750","1,751,112",90.2,1.4
06/03/2017,"212,696",87.1,"244,000","241,500","1,783,314",91.0,1.4
06/10/2017,"234,652",98.7,"238,000","241,750","1,795,184",91.5,1.4
06/17/2017,"228,883",94.0,"243,000","244,000","1,811,385",92.5,1.4
06/24/2017,"239,635",101.0,"237,000","240,500","1,867,478",94.8,1.4
07/01/2017,"252,886",102.1,"248,000","241,500","1,839,969",94.5,1.4
07/08/2017,"284,329",114.6,"248,000","244,000","1,996,804",101.1,1.4
07/15/2017,"257,763",107.1,"241,000","243,500","1,973,777",100.4,1.4
07/22/2017,"220,455",89.8,"245,000","245,500","1,939,674",98.7,1.4
07/29/2017,"198,776",82.1,"242,000","244,000","1,920,454",98.4,1.4
08/05/2017,"211,924",86.1,"246,000","243,500","1,889,713",96.9,1.4
08/12/2017,"198,280",83.9,"236,000","242,250","1,885,774",96.3,1.4
08/19/2017,"195,130",81.1,"241,000","241,250","1,841,596",94.3,1.4
08/26/2017,"196,227",82.2,"239,000","240,500","1,812,487",92.8,1.4
09/02/2017,"250,627",83.7,"299,000","253,750","1,699,145",87.0,1.4
09/09/2017,"211,923",77.2,"275,000","263,500","1,738,986",87.3,1.4
09/16/2017,"212,313",81.7,"260,000","268,250","1,622,607",83.4,1.4
09/23/2017,"212,987",81.3,"262,000","274,000","1,614,906",83.5,1.4
09/30/2017,"204,180",80.0,"255,000","263,000","1,582,806",82.0,1.4
10/07/2017,"229,241",93.2,"246,000","255,750","1,566,253",81.4,1.4
10/14/2017,"205,592",88.8,"232,000","248,750","1,603,587",83.3,1.4
10/21/2017,"216,004",91.5,"236,000","242,250","1,608,736",83.8,1.4
10/28/2017,"215,977",91.9,"235,000","237,250","1,631,860",84.9,1.4
11/04/2017,"242,111",100.9,"240,000","235,750","1,623,213",85.6,1.3
11/11/2017,"236,654",96.2,"246,000","239,250","1,724,422",89.6,1.4
11/18/2017,"275,004",115.5,"238,000","239,750","1,618,630",82.9,1.4
11/25/2017,"224,851",95.0,"237,000","240,250","1,957,137",101.1,1.4
12/02/2017,"326,052",138.7,"235,000","239,000","1,869,012",98.7,1.3
12/09/2017,"282,055",124.9,"226,000","234,000","1,968,105",102.2,1.4
12/16/2017,"287,479",119.0,"242,000","235,000","1,985,967",103.2,1.4
12/23/2017,"325,180",134.4,"242,000","236,250","2,066,441",109.8,1.3
12/30/2017,"351,500",144.4,"243,000","238,250","2,301,683",124.6,1.3
01/06/2018,"403,930",161.0,"251,000","244,500","2,416,489",125.9,1.4
01/13/2018,"354,708",155.0,"229,000","241,250","2,287,734",119.7,1.4
01/20/2018,"260,432",110.1,"237,000","240,000","2,376,238",124.3,1.4
01/27/2018,"268,197",121.3,"221,000","234,500","2,310,659",122.2,1.3
02/03/2018,"243,422",110.3,"221,000","227,000","2,323,553",123.7,1.3
02/10/2018,"233,252",104.0,"224,000","225,750","2,260,662",121.9,1.3
02/17/2018,"212,609",96.7,"220,000","221,500","2,258,815",121.4,1.3
02/24/2018,"196,294",91.1,"215,000","220,000","2,232,578",120.9,1.3
03/03/2018,"225,893",100.1,"226,000","221,250","2,193,796",119.7,1.3
03/10/2018,"205,185",92.2,"223,000","221,000","2,108,273",115.5,1.3
03/17/2018,"198,649",88.7,"224,000","222,000","2,111,985",115.1,1.3
03/24/2018,"195,433",88.9,"220,000","223,250","2,003,104",110.5,1.3
03/31/2018,"201,057",84.9,"237,000","226,000","2,001,558",108.4,1.3
04/07/2018,"231,759",99.0,"234,000","228,750","1,929,729",103.5,1.3
04/14/2018,"226,090",96.4,"235,000","231,500","1,865,447",102.3,1.3
04/21/2018,"200,139",96.7,"207,000","228,250","1,738,881",97.8,1.3
04/28/2018,"186,451",88.0,"212,000","222,000","1,724,410",96.5,1.3
05/05/2018,"190,262",90.8,"210,000","216,000","1,595,249",91.5,1.2
05/12/2018,"195,214",87.1,"224,000","213,250","1,604,119",91.8,1.2
05/19/2018,"207,043",90.1,"230,000","219,000","1,574,005",90.1,1.2
05/26/2018,"202,846",91.7,"221,000","221,250","1,573,324",89.9,1.2
06/02/2018,"191,523",86.8,"221,000","224,000","1,559,759",90.7,1.2
06/09/2018,"217,289",99.5,"218,000","222,500","1,588,055",91.1,1.2
06/16/2018,"206,023",93.8,"220,000","220,000","1,585,979",92.2,1.2
06/23/2018,"222,766",101.1,"220,000","219,750","1,645,954",94.1,1.2
06/30/2018,"231,539",101.4,"228,000","221,500","1,636,791",94.2,1.2
07/07/2018,"264,869",123.0,"215,000","220,750","1,772,705",100.8,1.2
07/14/2018,"232,238",109.6,"212,000","218,750","1,760,512",100.6,1.2
07/21/2018,"201,288",91.3,"220,000","218,750","1,710,317",98.8,1.2
07/28/2018,"179,880",82.4,"218,000","216,250","1,729,890",98.4,1.2
08/04/2018,"185,174",85.1,"218,000","217,000","1,678,892",97.3,1.2
08/11/2018,"180,038",84.7,"213,000","217,250","1,668,840",96.2,1.2
08/18/2018,"173,331",80.3,"216,000","216,250","1,624,222",94.7,1.2
08/25/2018,"175,745",82.2,"214,000","215,250","1,600,035",93.0,1.2
09/01/2018,"173,607",82.7,"210,000","213,250","1,494,794",87.3,1.2
09/08/2018,"162,640",77.2,"211,000","212,750","1,461,553",87.4,1.2
09/15/2018,"173,624",81.6,"213,000","212,000","1,412,803",83.4,1.2
09/22/2018,"172,930",81.5,"212,000","211,500","1,395,338",83.2,1.2
09/29/2018,"171,816",79.3,"217,000","213,250","1,369,317",81.9,1.2
10/06/2018,"193,936",91.1,"213,000","213,750","1,350,834",81.1,1.2
10/13/2018,"190,501",89.3,"213,000","213,750","1,370,783",82.6,1.2
10/20/2018,"198,733",90.8,"219,000","215,500","1,383,438",83.6,1.2
10/27/2018,"198,530",91.5,"217,000","215,500","1,392,026",84.4,1.2
11/03/2018,"214,814",98.9,"217,000","216,500","1,436,650",85.4,1.2
11/10/2018,"235,981",108.1,"218,000","217,750","1,447,041",86.3,1.2
11/17/2018,"226,576",102.2,"222,000","218,500","1,437,625",84.2,1.2
11/24/2018,"218,658",94.1,"232,000","222,250","1,665,498",100.4,1.2
12/01/2018,"317,936",137.2,"232,000","226,000","1,649,838",99.1,1.2
12/08/2018,"261,525",129.1,"203,000","222,250","1,722,153",101.2,1.2
12/15/2018,"255,195",118.1,"216,000","220,750","1,764,701",104.2,1.2
12/22/2018,"291,581",133.2,"219,000","217,500","1,798,455",104.1,1.2
12/29/2018,"327,388",143.5,"228,000","216,500","2,076,626",123.1,1.2
01/05/2019,"350,681",159.6,"220,000","220,750","2,172,537",127.1,1.2
01/12/2019,"343,678",159.2,"216,000","220,750","2,090,268",122.9,1.2
01/19/2019,"269,369",128.6,"209,000","218,250","2,124,743",122.0,1.2
01/26/2019,"250,580",106.1,"236,000","220,250","2,098,575",122.4,1.2
02/02/2019,"254,263",110.6,"230,000","222,750","2,142,462",124.5,1.2
02/09/2019,"242,762",106.3,"228,000","225,750","2,084,361",121.5,1.2
02/16/2019,"210,679",96.7,"218,000","228,000","2,125,992",122.1,1.2
02/23/2019,"203,049",90.8,"224,000","225,000","2,112,404",121.5,1.2
03/02/2019,"220,540",100.2,"220,000","222,500","2,088,410",120.7,1.2
03/09/2019,"209,302",93.4,"224,000","221,500","2,008,348",115.8,1.2
03/16/2019,"194,335",88.9,"219,000","221,750","2,009,317",116.0,1.2
03/23/2019,"190,023",88.5,"215,000","219,500","1,908,355",111.0,1.2
03/30/2019,"183,775",87.3,"211,000","217,250","1,861,690",109.2,1.2
04/06/2019,"196,071",96.5,"203,000","212,000","1,730,108",103.8,1.2
04/13/2019,"196,364",96.6,"203,000","208,000","1,703,576",102.7,1.2
04/20/2019,"211,762",93.8,"226,000","210,750","1,647,874",98.0,1.2
04/27/2019,"204,755",88.9,"230,000","215,500","1,633,529",97.0,1.2
05/04/2019,"204,033",90.8,"225,000","221,000","1,539,086",91.7,1.2
05/11/2019,"188,264",86.9,"217,000","224,500","1,543,472",91.7,1.2
05/18/2019,"191,931",89.9,"213,000","221,250","1,509,265",90.1,1.2
05/25/2019,"198,194",90.9,"218,000","218,250","1,521,741",89.8,1.2
06/01/2019,"189,577",86.2,"220,000","217,000","1,538,065",90.5,1.2
06/08/2019,"220,186",99.9,"220,000","217,750","1,522,665",90.8,1.2
06/15/2019,"205,921",93.9,"219,000","219,250","1,558,646",92.1,1.2
06/22/2019,"225,819",100.7,"224,000","220,750","1,588,879",93.5,1.2
06/29/2019,"224,565",101.0,"222,000","221,250","1,610,633",93.8,1.2
07/06/2019,"231,995",110.2,"211,000","219,000","1,702,745",100.5,1.2
07/13/2019,"243,621",112.1,"217,000","218,500","1,697,505",100.9,1.2
07/20/2019,"196,382",93.1,"211,000","215,250","1,680,029",98.9,1.2
07/27/2019,"178,897",82.9,"216,000","213,750","1,665,287",98.4,1.2
08/03/2019,"179,879",84.0,"214,000","214,500","1,679,471",97.7,1.2
08/10/2019,"186,914",85.7,"218,000","214,750","1,619,391",96.0,1.2
08/17/2019,"171,386",79.9,"215,000","215,750","1,615,803",95.1,1.2
08/24/2019,"176,867",82.1,"215,000","215,500","1,566,934",93.1,1.2
08/31/2019,"179,516",82.1,"219,000","216,750","1,476,199",87.7,1.2
09/07/2019,"160,342",77.0,"208,000","214,250","1,465,554",87.5,1.2
09/14/2019,"173,134",81.9,"211,000","213,250","1,399,601",83.7,1.2
09/21/2019,"175,394",81.6,"215,000","213,250","1,383,346",83.0,1.2
09/28/2019,"172,968",79.2,"218,000","213,000","1,392,109",82.0,1.2
10/05/2019,"188,106",88.8,"212,000","214,000","1,369,887",81.1,1.2
10/12/2019,"201,677",92.6,"218,000","215,750","1,386,868",82.0,1.2
10/19/2019,"186,748",87.8,"213,000","215,250","1,419,512",83.5,1.2
10/26/2019,"198,733",91.5,"217,000","215,000","1,423,681",84.0,1.2
11/02/2019,"205,625",97.1,"212,000","215,000","1,450,304",85.2,1.2
11/09/2019,"238,996",107.5,"222,000","216,000","1,460,773",86.1,1.2
11/16/2019,"227,892",102.0,"223,000","218,500","1,545,007",92.8,1.2
11/23/2019,"252,428",119.4,"211,000","217,000","1,508,294",88.9,1.2
11/30/2019,"216,827",105.1,"206,000","215,500","1,754,590",103.2,1.2
12/07/2019,"317,866",134.0,"237,000","219,250","1,728,066",100.2,1.2
12/14/2019,"270,547",118.0,"229,000","220,750","1,798,885",104.8,1.2
12/21/2019,"287,243",132.0,"218,000","222,500","1,776,317",102.8,1.2
12/28/2019,"312,524",142.3,"220,000","226,000","2,147,170",121.0,1.2
01/04/2020,"335,480",158.4,"212,000","219,750","2,249,123",127.9,1.2
01/11/2020,"338,550",163.7,"207,000","214,250","2,141,587",123.4,1.2
01/18/2020,"282,088",128.5,"220,000","214,750","2,079,050",122.0,1.2
01/25/2020,"229,002",108.1,"212,000","212,750","2,152,733",122.8,1.2
02/01/2020,"224,664",111.5,"201,000","210,000","2,087,525",124.4,1.2
02/08/2020,"219,601",107.9,"204,000","209,250","2,099,073",121.4,1.2
02/15/2020,"209,336",97.4,"215,000","208,000","2,061,669",121.8,1.2
02/22/2020,"199,278",90.5,"220,000","210,000","2,105,457",122.4,1.2
02/29/2020,"216,982",99.8,"217,000","214,000","2,057,280",121.1,1.2
03/07/2020,"200,382",95.0,"211,000","215,750","1,977,272",116.2,1.2
03/14/2020,"251,416",89.3,"282,000","232,500","2,074,782",116.3,1.2
03/21/2020,"2,920,162",88.3,"3,307,000","1,004,250","3,416,645",111.7,2.1
03/28/2020,"6,015,821",87.6,"6,867,000","2,666,750","8,168,375",109.7,5.1
04/04/2020,"6,211,406",93.9,"6,615,000","4,267,750","12,461,658",104.6,8.2
04/11/2020,"4,965,046",94.8,"5,237,000","5,506,500","16,277,322",102.9,10.9
04/18/2020,"4,281,648",96.4,"4,442,000","5,790,250","17,794,965",98.8,12.4
04/25/2020,"3,515,439",90.9,"3,867,000","5,040,250","21,772,595",97.3,15.4
05/02/2020,"2,855,561",89.9,"3,176,000","4,180,500","20,879,704",92.6,15.5
05/09/2020,"2,356,626",87.7,"2,687,000","3,543,000","22,794,145",91.5,17.1
05/16/2020,"2,181,640",89.2,"2,446,000","3,044,000","18,861,428",90.5,14.3
05/23/2020,"1,915,138",90.2,"2,123,000","2,608,000","19,098,624",89.8,14.6
05/30/2020,"1,620,008",85.4,"1,897,000","2,288,250","18,628,166",90.4,14.1
06/06/2020,"1,561,267",99.7,"1,566,000","2,008,000","18,422,711",90.8,13.9
06/13/2020,"1,463,363",95.0,"1,540,000","1,781,500","17,654,450",91.8,13.2
06/20/2020,"1,460,056",98.5,"1,482,000","1,621,250","17,427,940",92.9,12.9
06/27/2020,"1,426,618",101.3,"1,408,000","1,499,000","16,516,869",93.0,12.2
07/04/2020,"1,395,081",106.5,"1,310,000","1,435,000","17,321,763",100.1,11.8
07/11/2020,"1,512,816",115.7,"1,308,000","1,377,000","16,344,839",101.2,11.1
07/18/2020,"1,376,925",96.8,"1,422,000","1,362,000","16,815,346",99.2,11.6
07/25/2020,"1,207,045",84.1,"1,435,000","1,368,750","15,832,498",98.4,11.0
08/01/2020,"988,309",83.0,"1,191,000","1,339,000","15,201,491",98.2,10.6
08/08/2020,"838,734",86.4,"971,000","1,254,750","14,182,946",96.1,10.1
08/15/2020,"889,738",80.6,"1,104,000","1,175,250","13,869,218",95.7,9.9
08/22/2020,"825,761",81.7,"1,011,000","1,069,250","13,142,717","-149,328.0",9.1
08/29/2020,"837,008","-47,248.0","884,000","992,500","13,355,586","-188,292.0",9.3
09/05/2020,"865,995","-27,029.0","893,000","973,000","12,440,863","-306,112.0",8.7
09/12/2020,"796,015","-69,623.0","866,000","913,500","12,431,032","-316,044.0",8.7
09/19/2020,"827,212","-45,732.0","873,000","879,000","11,622,396","-356,475.0",8.2
09/26/2020,"798,996","-49,983.0","849,000","870,250","10,230,506","-363,565.0",7.2
10/03/2020,"731,249","-35,664.0","767,000","838,750","9,011,067","-386,491.0",6.4
10/10/2020,"829,742","-12,520.0","842,000","832,750","8,091,731","-380,477.0",5.8
10/17/2020,"766,520","-30,882.0","797,000","813,750","7,489,704","-333,485.0",5.3
10/24/2020,"738,709","-18,884.0","758,000","791,000","6,888,363","-333,727.0",4.9
10/31/2020,"743,904","-12,785.0","757,000","788,500","6,498,415","-299,892.0",4.6
11/07/2020,"725,361","14,313.0","711,000","755,750","6,079,652","-290,454.0",4.3
